tier,instrument,tf,pattern,direction,session,day,filter,wr,sl_type
A,GOLD,30m,fvg,SELL,tokyo,month_end,low_vol,1.0,1xATR
A,GOLD,15m,choch,SELL,overlap,mid_month,weak_trend,0.8667,1xATR
A,GOLD,15m,bos,SELL,ny_am,mid_month,zscore_low,0.8571,1xATR
A,GOLD,15m,rej_day_lo,BUY,ny_am,month_end,bb_os,0.8333,1xATR
A,GOLD,15m,fvg,BUY,ny_am,mid_month,vol_dn,0.8333,1xATR
A,GOLD,15m,choch,SELL,overlap,mid_month,zscore_low,0.8235,1xATR
A,GOLD,15m,hammer,BUY,ny_am,month_end,vwap_ext_up,0.8182,1xATR
A,GOLD,30m,break_pdh,BUY,tokyo,mid_month,vol_up,0.8125,1xATR
A,GOLD,15m,choch,SELL,ny_am,mid_month,weak_trend,0.8125,1xATR
A,GOLD,15m,choch,SELL,overlap,month_start,vwap_ext_dn,0.8,1xATR
A,GOLD,15m,fvg,BUY,ny_am,mid_month,weak_trend,0.8,1xATR
A,GOLD,5m,shooting_star,SELL,overlap,month_start,weak_trend,0.8,1xATR
A,GOLD,15m,sweep_pwl,SELL,all,mid_month,sweep_pdl_f,0.8,1xATR
B,GOLD,15m,choch,SELL,ny_am,month_start,vol_up,0.7949,1xATR
B,GOLD,30m,choch,SELL,ny_all,month_start,strong_trend,0.7941,1xATR
B,GOLD,30m,fvg,SELL,tokyo,month_end,zscore_low,0.7941,1xATR
B,GOLD,30m,at_day_hi,BUY,tokyo,month_start,weak_trend,0.7895,1xATR
B,GOLD,15m,break,SELL,ny_pm,fri,none,0.7619,1xATR
B,GOLD,30m,choch,SELL,ny_am,month_start,none,0.7524,1xATR
B,GOLD,15m,choch,SELL,ny_am,month_start,vwap_ext_dn,0.75,1xATR
B,GOLD,30m,choch,BUY,ny_pm,mon,none,0.75,1xATR
B,GOLD,30m,break,BUY,tokyo,month_start,none,0.75,1xATR
C,GOLD,15m,bos,BUY,all,month_start,zscore_low,0.7463,1xATR
C,GOLD,5m,break_pdl,SELL,all,month_end,bb_ob,0.7451,1xATR
C,GOLD,5m,hammer,BUY,ny_am,mid_month,vwap_ext_dn,0.7447,1xATR
C,GOLD,30m,at_day_hi,BUY,tokyo,month_end,zscore_high,0.7447,1xATR
C,GOLD,15m,engulf,SELL,overlap,month_start,none,0.7446,1xATR
C,GOLD,5m,pullback,SELL,ny_pm,mid_month,none,0.7381,1xATR
C,GOLD,15m,pullback,BUY,tokyo,mon,none,0.7333,1xATR
C,GOLD,30m,choch,SELL,overlap,month_start,none,0.7262,1xATR
C,GOLD,15m,bos,SELL,ny_am,mid_month,none,0.7182,1xATR
C,GOLD,15m,engulf,SELL,ny_am,month_start,none,0.7152,1xATR
C,GOLD,15m,break,BUY,tokyo,month_start,none,0.7145,1xATR
C,GOLD,15m,sweep_pdl,SELL,london,mid_month,dn_trend,0.7143,1xATR
C,GOLD,30m,engulf,SELL,ny_pm,fri,none,0.7088,1xATR
C,GOLD,15m,bos,SELL,overlap,mid_month,none,0.7084,1xATR
C,GOLD,15m,bos,SELL,overlap,month_start,none,0.7072,1xATR
C,GOLD,15m,fvg,SELL,overlap,month_start,none,0.6979,1xATR
